format,runtime_s,emissions_kg,error,row_count
parquet,0.1719532999995863,1.6825954531020378e-07,,1000
