format,runtime_s,emissions_kg,error,row_count
csv,0.047239499996067025,4.695603932208371e-08,,1000
