format,runtime_s,emissions_kg,error,row_count
csv,0.047239499996067025,4.695603932208371e-08,,1000
parquet,0.1719532999995863,1.6825954531020378e-07,,1000
