format,runtime_s,emissions_kg,error,row_count
csv,3.764493800001219,3.6646909292729524e-06,'Authors',0
parquet,3.757213100005174,3.6565829265782423e-06,'Authors',0
