Authors,review/score
Thomas H. Cormen,3.2444444444444445
Andrew Hunt,3.1782178217821784
Martin Kleppmann,3.1702127659574466
Robert C. Martin,3.1523809523809523
Brett Slatkin,3.057142857142857
Francois Chollet,2.9603960396039604
Sam Newman,2.88659793814433
James Densmore,2.873873873873874
Jake Vanderplas,2.796116504854369
Aurelien Geron,2.7311827956989245
